Panelist,Genotype_Original,genotype,Unique_ID,rank,Moisture,Friability,FGME,Color,bG,SP,TP,KI,FAN,DP,aA
1,Rank_161_120.17,120.17,1_120.17,4,4.1,78.2,78.8,1.64,364,4.63,12.5,37,158,112,46.6
3,Rank_161_120.17,120.17,3_120.17,1,4.1,78.2,78.8,1.64,364,4.63,12.5,37,158,112,46.6
4,Rank_161_120.17,120.17,4_120.17,1,4.1,78.2,78.8,1.64,364,4.63,12.5,37,158,112,46.6
5,Rank_161_120.17,120.17,5_120.17,2,4.1,78.2,78.8,1.64,364,4.63,12.5,37,158,112,46.6
6,Rank_161_120.17,120.17,6_120.17,3,4.1,78.2,78.8,1.64,364,4.63,12.5,37,158,112,46.6
7,Rank_161_120.17,120.17,7_120.17,3,4.1,78.2,78.8,1.64,364,4.63,12.5,37,158,112,46.6
8,Rank_161_120.17,120.17,8_120.17,4,4.1,78.2,78.8,1.64,364,4.63,12.5,37,158,112,46.6
9,Rank_161_120.17,120.17,9_120.17,2,4.1,78.2,78.8,1.64,364,4.63,12.5,37,158,112,46.6
10,Rank_161_120.17,120.17,10_120.17,4,4.1,78.2,78.8,1.64,364,4.63,12.5,37,158,112,46.6
11,Rank_161_120.17,120.17,11_120.17,2,4.1,78.2,78.8,1.64,364,4.63,12.5,37,158,112,46.6
12,Rank_161_120.17,120.17,12_120.17,1,4.1,78.2,78.8,1.64,364,4.63,12.5,37,158,112,46.6
13,Rank_161_120.17,120.17,13_120.17,3,4.1,78.2,78.8,1.64,364,4.63,12.5,37,158,112,46.6
14,Rank_161_120.17,120.17,14_120.17,4,4.1,78.2,78.8,1.64,364,4.63,12.5,37,158,112,46.6
15,Rank_161_120.17,120.17,15_120.17,4,4.1,78.2,78.8,1.64,364,4.63,12.5,37,158,112,46.6
16,Rank_161_120.17,120.17,16_120.17,1,4.1,78.2,78.8,1.64,364,4.63,12.5,37,158,112,46.6
17,Rank_161_120.17,120.17,17_120.17,3,4.1,78.2,78.8,1.64,364,4.63,12.5,37,158,112,46.6
18,Rank_161_120.17,120.17,18_120.17,1,4.1,78.2,78.8,1.64,364,4.63,12.5,37,158,112,46.6
19,Rank_161_120.17,120.17,19_120.17,1,4.1,78.2,78.8,1.64,364,4.63,12.5,37,158,112,46.6
20,Rank_161_120.17,120.17,20_120.17,1,4.1,78.2,78.8,1.64,364,4.63,12.5,37,158,112,46.6
21,Rank_161_120.17,120.17,21_120.17,3,4.1,78.2,78.8,1.64,364,4.63,12.5,37,158,112,46.6
22,Rank_161_120.17,120.17,22_120.17,2,4.1,78.2,78.8,1.64,364,4.63,12.5,37,158,112,46.6
23,Rank_161_120.17,120.17,23_120.17,1,4.1,78.2,78.8,1.64,364,4.63,12.5,37,158,112,46.6
24,Rank_161_120.17,120.17,24_120.17,1,4.1,78.2,78.8,1.64,364,4.63,12.5,37,158,112,46.6
25,Rank_161_120.17,120.17,25_120.17,2,4.1,78.2,78.8,1.64,364,4.63,12.5,37,158,112,46.6
26,Rank_161_120.17,120.17,26_120.17,2,4.1,78.2,78.8,1.64,364,4.63,12.5,37,158,112,46.6
27,Rank_161_120.17,120.17,27_120.17,1,4.1,78.2,78.8,1.64,364,4.63,12.5,37,158,112,46.6
28,Rank_161_120.17,120.17,28_120.17,3,4.1,78.2,78.8,1.64,364,4.63,12.5,37,158,112,46.6
29,Rank_161_120.17,120.17,29_120.17,4,4.1,78.2,78.8,1.64,364,4.63,12.5,37,158,112,46.6
30,Rank_161_120.17,120.17,30_120.17,3,4.1,78.2,78.8,1.64,364,4.63,12.5,37,158,112,46.6
31,Rank_161_120.17,120.17,31_120.17,2,4.1,78.2,78.8,1.64,364,4.63,12.5,37,158,112,46.6
32,Rank_161_120.17,120.17,32_120.17,2,4.1,78.2,78.8,1.64,364,4.63,12.5,37,158,112,46.6
33,Rank_161_120.17,120.17,33_120.17,3,4.1,78.2,78.8,1.64,364,4.63,12.5,37,158,112,46.6
34,Rank_161_120.17,120.17,34_120.17,4,4.1,78.2,78.8,1.64,364,4.63,12.5,37,158,112,46.6
35,Rank_161_120.17,120.17,35_120.17,3,4.1,78.2,78.8,1.64,364,4.63,12.5,37,158,112,46.6
36,Rank_161_120.17,120.17,36_120.17,3,4.1,78.2,78.8,1.64,364,4.63,12.5,37,158,112,46.6
37,Rank_161_120.17,120.17,37_120.17,1,4.1,78.2,78.8,1.64,364,4.63,12.5,37,158,112,46.6
38,Rank_161_120.17,120.17,38_120.17,4,4.1,78.2,78.8,1.64,364,4.63,12.5,37,158,112,46.6
39,Rank_161_120.17,120.17,39_120.17,4,4.1,78.2,78.8,1.64,364,4.63,12.5,37,158,112,46.6
40,Rank_161_120.17,120.17,40_120.17,2,4.1,78.2,78.8,1.64,364,4.63,12.5,37,158,112,46.6
41,Rank_161_120.17,120.17,41_120.17,4,4.1,78.2,78.8,1.64,364,4.63,12.5,37,158,112,46.6
42,Rank_161_120.17,120.17,42_120.17,4,4.1,78.2,78.8,1.64,364,4.63,12.5,37,158,112,46.6
43,Rank_161_120.17,120.17,43_120.17,1,4.1,78.2,78.8,1.64,364,4.63,12.5,37,158,112,46.6
44,Rank_161_120.17,120.17,44_120.17,3,4.1,78.2,78.8,1.64,364,4.63,12.5,37,158,112,46.6
45,Rank_161_120.17,120.17,45_120.17,2,4.1,78.2,78.8,1.64,364,4.63,12.5,37,158,112,46.6
46,Rank_161_120.17,120.17,46_120.17,2,4.1,78.2,78.8,1.64,364,4.63,12.5,37,158,112,46.6
47,Rank_161_120.17,120.17,47_120.17,4,4.1,78.2,78.8,1.64,364,4.63,12.5,37,158,112,46.6
48,Rank_161_120.17,120.17,48_120.17,1,4.1,78.2,78.8,1.64,364,4.63,12.5,37,158,112,46.6
49,Rank_161_120.17,120.17,49_120.17,2,4.1,78.2,78.8,1.64,364,4.63,12.5,37,158,112,46.6
50,Rank_161_120.17,120.17,50_120.17,2,4.1,78.2,78.8,1.64,364,4.63,12.5,37,158,112,46.6
51,Rank_161_120.17,120.17,51_120.17,4,4.1,78.2,78.8,1.64,364,4.63,12.5,37,158,112,46.6
52,Rank_161_120.17,120.17,52_120.17,3,4.1,78.2,78.8,1.64,364,4.63,12.5,37,158,112,46.6
53,Rank_161_120.17,120.17,53_120.17,4,4.1,78.2,78.8,1.64,364,4.63,12.5,37,158,112,46.6
54,Rank_161_120.17,120.17,54_120.17,3,4.1,78.2,78.8,1.64,364,4.63,12.5,37,158,112,46.6
55,Rank_161_120.17,120.17,55_120.17,2,4.1,78.2,78.8,1.64,364,4.63,12.5,37,158,112,46.6
56,Rank_161_120.17,120.17,56_120.17,2,4.1,78.2,78.8,1.64,364,4.63,12.5,37,158,112,46.6
57,Rank_161_120.17,120.17,57_120.17,3,4.1,78.2,78.8,1.64,364,4.63,12.5,37,158,112,46.6
58,Rank_161_120.17,120.17,58_120.17,2,4.1,78.2,78.8,1.64,364,4.63,12.5,37,158,112,46.6
59,Rank_161_120.17,120.17,59_120.17,4,4.1,78.2,78.8,1.64,364,4.63,12.5,37,158,112,46.6
60,Rank_161_120.17,120.17,60_120.17,2,4.1,78.2,78.8,1.64,364,4.63,12.5,37,158,112,46.6
61,Rank_161_120.17,120.17,61_120.17,1,4.1,78.2,78.8,1.64,364,4.63,12.5,37,158,112,46.6
62,Rank_161_120.17,120.17,62_120.17,4,4.1,78.2,78.8,1.64,364,4.63,12.5,37,158,112,46.6
63,Rank_161_120.17,120.17,63_120.17,3,4.1,78.2,78.8,1.64,364,4.63,12.5,37,158,112,46.6
65,Rank_161_120.17,120.17,65_120.17,2,4.1,78.2,78.8,1.64,364,4.63,12.5,37,158,112,46.6
66,Rank_161_120.17,120.17,66_120.17,4,4.1,78.2,78.8,1.64,364,4.63,12.5,37,158,112,46.6
67,Rank_161_120.17,120.17,67_120.17,1,4.1,78.2,78.8,1.64,364,4.63,12.5,37,158,112,46.6
70,Rank_161_120.17,120.17,70_120.17,3,4.1,78.2,78.8,1.64,364,4.63,12.5,37,158,112,46.6
71,Rank_161_120.17,120.17,71_120.17,2,4.1,78.2,78.8,1.64,364,4.63,12.5,37,158,112,46.6
72,Rank_161_120.17,120.17,72_120.17,1,4.1,78.2,78.8,1.64,364,4.63,12.5,37,158,112,46.6
73,Rank_161_120.17,120.17,73_120.17,3,4.1,78.2,78.8,1.64,364,4.63,12.5,37,158,112,46.6
74,Rank_161_120.17,120.17,74_120.17,1,4.1,78.2,78.8,1.64,364,4.63,12.5,37,158,112,46.6
75,Rank_161_120.17,120.17,75_120.17,2,4.1,78.2,78.8,1.64,364,4.63,12.5,37,158,112,46.6
76,Rank_161_120.17,120.17,76_120.17,3,4.1,78.2,78.8,1.64,364,4.63,12.5,37,158,112,46.6
77,Rank_161_120.17,120.17,77_120.17,1,4.1,78.2,78.8,1.64,364,4.63,12.5,37,158,112,46.6
83,Rank_161_120.17,120.17,83_120.17,4,4.1,78.2,78.8,1.64,364,4.63,12.5,37,158,112,46.6
84,Rank_161_120.17,120.17,84_120.17,1,4.1,78.2,78.8,1.64,364,4.63,12.5,37,158,112,46.6
87,Rank_161_120.17,120.17,87_120.17,3,4.1,78.2,78.8,1.64,364,4.63,12.5,37,158,112,46.6
89,Rank_161_120.17,120.17,89_120.17,2,4.1,78.2,78.8,1.64,364,4.63,12.5,37,158,112,46.6
90,Rank_161_120.17,120.17,90_120.17,3,4.1,78.2,78.8,1.64,364,4.63,12.5,37,158,112,46.6
93,Rank_161_120.17,120.17,93_120.17,1,4.1,78.2,78.8,1.64,364,4.63,12.5,37,158,112,46.6
94,Rank_161_120.17,120.17,94_120.17,1,4.1,78.2,78.8,1.64,364,4.63,12.5,37,158,112,46.6
95,Rank_161_120.17,120.17,95_120.17,2,4.1,78.2,78.8,1.64,364,4.63,12.5,37,158,112,46.6
96,Rank_161_120.17,120.17,96_120.17,2,4.1,78.2,78.8,1.64,364,4.63,12.5,37,158,112,46.6
97,Rank_161_120.17,120.17,97_120.17,2,4.1,78.2,78.8,1.64,364,4.63,12.5,37,158,112,46.6
98,Rank_161_120.17,120.17,98_120.17,2,4.1,78.2,78.8,1.64,364,4.63,12.5,37,158,112,46.6
99,Rank_161_120.17,120.17,99_120.17,2,4.1,78.2,78.8,1.64,364,4.63,12.5,37,158,112,46.6
100,Rank_161_120.17,120.17,100_120.17,2,4.1,78.2,78.8,1.64,364,4.63,12.5,37,158,112,46.6
101,Rank_161_120.17,120.17,101_120.17,3,4.1,78.2,78.8,1.64,364,4.63,12.5,37,158,112,46.6
102,Rank_161_120.17,120.17,102_120.17,1,4.1,78.2,78.8,1.64,364,4.63,12.5,37,158,112,46.6
103,Rank_161_120.17,120.17,103_120.17,3,4.1,78.2,78.8,1.64,364,4.63,12.5,37,158,112,46.6
104,Rank_161_120.17,120.17,104_120.17,1,4.1,78.2,78.8,1.64,364,4.63,12.5,37,158,112,46.6
105,Rank_161_120.17,120.17,105_120.17,3,4.1,78.2,78.8,1.64,364,4.63,12.5,37,158,112,46.6
106,Rank_161_120.17,120.17,106_120.17,3,4.1,78.2,78.8,1.64,364,4.63,12.5,37,158,112,46.6
107,Rank_161_120.17,120.17,107_120.17,4,4.1,78.2,78.8,1.64,364,4.63,12.5,37,158,112,46.6
108,Rank_161_120.17,120.17,108_120.17,1,4.1,78.2,78.8,1.64,364,4.63,12.5,37,158,112,46.6
109,Rank_161_120.17,120.17,109_120.17,3,4.1,78.2,78.8,1.64,364,4.63,12.5,37,158,112,46.6
110,Rank_161_120.17,120.17,110_120.17,1,4.1,78.2,78.8,1.64,364,4.63,12.5,37,158,112,46.6
111,Rank_161_120.17,120.17,111_120.17,1,4.1,78.2,78.8,1.64,364,4.63,12.5,37,158,112,46.6
112,Rank_161_120.17,120.17,112_120.17,2,4.1,78.2,78.8,1.64,364,4.63,12.5,37,158,112,46.6
114,Rank_161_120.17,120.17,114_120.17,1,4.1,78.2,78.8,1.64,364,4.63,12.5,37,158,112,46.6
115,Rank_161_120.17,120.17,115_120.17,1,4.1,78.2,78.8,1.64,364,4.63,12.5,37,158,112,46.6
116,Rank_161_120.17,120.17,116_120.17,1,4.1,78.2,78.8,1.64,364,4.63,12.5,37,158,112,46.6
117,Rank_161_120.17,120.17,117_120.17,1,4.1,78.2,78.8,1.64,364,4.63,12.5,37,158,112,46.6
118,Rank_161_120.17,120.17,118_120.17,3,4.1,78.2,78.8,1.64,364,4.63,12.5,37,158,112,46.6
119,Rank_161_120.17,120.17,119_120.17,1,4.1,78.2,78.8,1.64,364,4.63,12.5,37,158,112,46.6
120,Rank_161_120.17,120.17,120_120.17,4,4.1,78.2,78.8,1.64,364,4.63,12.5,37,158,112,46.6
121,Rank_161_120.17,120.17,121_120.17,3,4.1,78.2,78.8,1.64,364,4.63,12.5,37,158,112,46.6
122,Rank_161_120.17,120.17,122_120.17,3,4.1,78.2,78.8,1.64,364,4.63,12.5,37,158,112,46.6
123,Rank_161_120.17,120.17,123_120.17,1,4.1,78.2,78.8,1.64,364,4.63,12.5,37,158,112,46.6
124,Rank_161_120.17,120.17,124_120.17,3,4.1,78.2,78.8,1.64,364,4.63,12.5,37,158,112,46.6
125,Rank_161_120.17,120.17,125_120.17,3,4.1,78.2,78.8,1.64,364,4.63,12.5,37,158,112,46.6
126,Rank_161_120.17,120.17,126_120.17,2,4.1,78.2,78.8,1.64,364,4.63,12.5,37,158,112,46.6
127,Rank_161_120.17,120.17,127_120.17,1,4.1,78.2,78.8,1.64,364,4.63,12.5,37,158,112,46.6
128,Rank_161_120.17,120.17,128_120.17,1,4.1,78.2,78.8,1.64,364,4.63,12.5,37,158,112,46.6
129,Rank_161_120.17,120.17,129_120.17,1,4.1,78.2,78.8,1.64,364,4.63,12.5,37,158,112,46.6
130,Rank_161_120.17,120.17,130_120.17,3,4.1,78.2,78.8,1.64,364,4.63,12.5,37,158,112,46.6
131,Rank_161_120.17,120.17,131_120.17,1,4.1,78.2,78.8,1.64,364,4.63,12.5,37,158,112,46.6
133,Rank_161_120.17,120.17,133_120.17,1,4.1,78.2,78.8,1.64,364,4.63,12.5,37,158,112,46.6
134,Rank_161_120.17,120.17,134_120.17,2,4.1,78.2,78.8,1.64,364,4.63,12.5,37,158,112,46.6
135,Rank_161_120.17,120.17,135_120.17,3,4.1,78.2,78.8,1.64,364,4.63,12.5,37,158,112,46.6
136,Rank_161_120.17,120.17,136_120.17,1,4.1,78.2,78.8,1.64,364,4.63,12.5,37,158,112,46.6
137,Rank_161_120.17,120.17,137_120.17,2,4.1,78.2,78.8,1.64,364,4.63,12.5,37,158,112,46.6
138,Rank_161_120.17,120.17,138_120.17,4,4.1,78.2,78.8,1.64,364,4.63,12.5,37,158,112,46.6
139,Rank_161_120.17,120.17,139_120.17,4,4.1,78.2,78.8,1.64,364,4.63,12.5,37,158,112,46.6
140,Rank_161_120.17,120.17,140_120.17,2,4.1,78.2,78.8,1.64,364,4.63,12.5,37,158,112,46.6
141,Rank_161_120.17,120.17,141_120.17,2,4.1,78.2,78.8,1.64,364,4.63,12.5,37,158,112,46.6
142,Rank_161_120.17,120.17,142_120.17,4,4.1,78.2,78.8,1.64,364,4.63,12.5,37,158,112,46.6
143,Rank_161_120.17,120.17,143_120.17,2,4.1,78.2,78.8,1.64,364,4.63,12.5,37,158,112,46.6
144,Rank_161_120.17,120.17,144_120.17,2,4.1,78.2,78.8,1.64,364,4.63,12.5,37,158,112,46.6
145,Rank_161_120.17,120.17,145_120.17,4,4.1,78.2,78.8,1.64,364,4.63,12.5,37,158,112,46.6
146,Rank_161_120.17,120.17,146_120.17,2,4.1,78.2,78.8,1.64,364,4.63,12.5,37,158,112,46.6
147,Rank_161_120.17,120.17,147_120.17,2,4.1,78.2,78.8,1.64,364,4.63,12.5,37,158,112,46.6
148,Rank_161_120.17,120.17,148_120.17,4,4.1,78.2,78.8,1.64,364,4.63,12.5,37,158,112,46.6
158,Rank_161_120.17,120.17,158_120.17,1,4.1,78.2,78.8,1.64,364,4.63,12.5,37,158,112,46.6
159,Rank_161_120.17,120.17,159_120.17,4,4.1,78.2,78.8,1.64,364,4.63,12.5,37,158,112,46.6
160,Rank_161_120.17,120.17,160_120.17,1,4.1,78.2,78.8,1.64,364,4.63,12.5,37,158,112,46.6
1,Rank_562_117.7,117.17,1_117.17,2,4.1,70.1,77.8,1.21,735,3.65,11.6,31.5,110,82,24.1
3,Rank_562_117.7,117.17,3_117.17,4,4.1,70.1,77.8,1.21,735,3.65,11.6,31.5,110,82,24.1
4,Rank_562_117.7,117.17,4_117.17,2,4.1,70.1,77.8,1.21,735,3.65,11.6,31.5,110,82,24.1
5,Rank_562_117.7,117.17,5_117.17,4,4.1,70.1,77.8,1.21,735,3.65,11.6,31.5,110,82,24.1
6,Rank_562_117.7,117.17,6_117.17,4,4.1,70.1,77.8,1.21,735,3.65,11.6,31.5,110,82,24.1
7,Rank_562_117.7,117.17,7_117.17,4,4.1,70.1,77.8,1.21,735,3.65,11.6,31.5,110,82,24.1
8,Rank_562_117.7,117.17,8_117.17,2,4.1,70.1,77.8,1.21,735,3.65,11.6,31.5,110,82,24.1
9,Rank_562_117.7,117.17,9_117.17,4,4.1,70.1,77.8,1.21,735,3.65,11.6,31.5,110,82,24.1
10,Rank_562_117.7,117.17,10_117.17,3,4.1,70.1,77.8,1.21,735,3.65,11.6,31.5,110,82,24.1
11,Rank_562_117.7,117.17,11_117.17,1,4.1,70.1,77.8,1.21,735,3.65,11.6,31.5,110,82,24.1
12,Rank_562_117.7,117.17,12_117.17,2,4.1,70.1,77.8,1.21,735,3.65,11.6,31.5,110,82,24.1
13,Rank_562_117.7,117.17,13_117.17,1,4.1,70.1,77.8,1.21,735,3.65,11.6,31.5,110,82,24.1
14,Rank_562_117.7,117.17,14_117.17,2,4.1,70.1,77.8,1.21,735,3.65,11.6,31.5,110,82,24.1
15,Rank_562_117.7,117.17,15_117.17,1,4.1,70.1,77.8,1.21,735,3.65,11.6,31.5,110,82,24.1
16,Rank_562_117.7,117.17,16_117.17,3,4.1,70.1,77.8,1.21,735,3.65,11.6,31.5,110,82,24.1
17,Rank_562_117.7,117.17,17_117.17,1,4.1,70.1,77.8,1.21,735,3.65,11.6,31.5,110,82,24.1
18,Rank_562_117.7,117.17,18_117.17,2,4.1,70.1,77.8,1.21,735,3.65,11.6,31.5,110,82,24.1
19,Rank_562_117.7,117.17,19_117.17,2,4.1,70.1,77.8,1.21,735,3.65,11.6,31.5,110,82,24.1
20,Rank_562_117.7,117.17,20_117.17,4,4.1,70.1,77.8,1.21,735,3.65,11.6,31.5,110,82,24.1
21,Rank_562_117.7,117.17,21_117.17,4,4.1,70.1,77.8,1.21,735,3.65,11.6,31.5,110,82,24.1
22,Rank_562_117.7,117.17,22_117.17,4,4.1,70.1,77.8,1.21,735,3.65,11.6,31.5,110,82,24.1
23,Rank_562_117.7,117.17,23_117.17,4,4.1,70.1,77.8,1.21,735,3.65,11.6,31.5,110,82,24.1
24,Rank_562_117.7,117.17,24_117.17,2,4.1,70.1,77.8,1.21,735,3.65,11.6,31.5,110,82,24.1
25,Rank_562_117.7,117.17,25_117.17,4,4.1,70.1,77.8,1.21,735,3.65,11.6,31.5,110,82,24.1
26,Rank_562_117.7,117.17,26_117.17,4,4.1,70.1,77.8,1.21,735,3.65,11.6,31.5,110,82,24.1
27,Rank_562_117.7,117.17,27_117.17,3,4.1,70.1,77.8,1.21,735,3.65,11.6,31.5,110,82,24.1
28,Rank_562_117.7,117.17,28_117.17,4,4.1,70.1,77.8,1.21,735,3.65,11.6,31.5,110,82,24.1
29,Rank_562_117.7,117.17,29_117.17,1,4.1,70.1,77.8,1.21,735,3.65,11.6,31.5,110,82,24.1
30,Rank_562_117.7,117.17,30_117.17,1,4.1,70.1,77.8,1.21,735,3.65,11.6,31.5,110,82,24.1
31,Rank_562_117.7,117.17,31_117.17,3,4.1,70.1,77.8,1.21,735,3.65,11.6,31.5,110,82,24.1
32,Rank_562_117.7,117.17,32_117.17,1,4.1,70.1,77.8,1.21,735,3.65,11.6,31.5,110,82,24.1
33,Rank_562_117.7,117.17,33_117.17,4,4.1,70.1,77.8,1.21,735,3.65,11.6,31.5,110,82,24.1
34,Rank_562_117.7,117.17,34_117.17,1,4.1,70.1,77.8,1.21,735,3.65,11.6,31.5,110,82,24.1
35,Rank_562_117.7,117.17,35_117.17,2,4.1,70.1,77.8,1.21,735,3.65,11.6,31.5,110,82,24.1
36,Rank_562_117.7,117.17,36_117.17,4,4.1,70.1,77.8,1.21,735,3.65,11.6,31.5,110,82,24.1
37,Rank_562_117.7,117.17,37_117.17,2,4.1,70.1,77.8,1.21,735,3.65,11.6,31.5,110,82,24.1
38,Rank_562_117.7,117.17,38_117.17,3,4.1,70.1,77.8,1.21,735,3.65,11.6,31.5,110,82,24.1
39,Rank_562_117.7,117.17,39_117.17,1,4.1,70.1,77.8,1.21,735,3.65,11.6,31.5,110,82,24.1
40,Rank_562_117.7,117.17,40_117.17,3,4.1,70.1,77.8,1.21,735,3.65,11.6,31.5,110,82,24.1
41,Rank_562_117.7,117.17,41_117.17,2,4.1,70.1,77.8,1.21,735,3.65,11.6,31.5,110,82,24.1
42,Rank_562_117.7,117.17,42_117.17,3,4.1,70.1,77.8,1.21,735,3.65,11.6,31.5,110,82,24.1
43,Rank_562_117.7,117.17,43_117.17,2,4.1,70.1,77.8,1.21,735,3.65,11.6,31.5,110,82,24.1
44,Rank_562_117.7,117.17,44_117.17,4,4.1,70.1,77.8,1.21,735,3.65,11.6,31.5,110,82,24.1
45,Rank_562_117.7,117.17,45_117.17,3,4.1,70.1,77.8,1.21,735,3.65,11.6,31.5,110,82,24.1
46,Rank_562_117.7,117.17,46_117.17,4,4.1,70.1,77.8,1.21,735,3.65,11.6,31.5,110,82,24.1
47,Rank_562_117.7,117.17,47_117.17,1,4.1,70.1,77.8,1.21,735,3.65,11.6,31.5,110,82,24.1
48,Rank_562_117.7,117.17,48_117.17,4,4.1,70.1,77.8,1.21,735,3.65,11.6,31.5,110,82,24.1
49,Rank_562_117.7,117.17,49_117.17,3,4.1,70.1,77.8,1.21,735,3.65,11.6,31.5,110,82,24.1
50,Rank_562_117.7,117.17,50_117.17,3,4.1,70.1,77.8,1.21,735,3.65,11.6,31.5,110,82,24.1
51,Rank_562_117.7,117.17,51_117.17,2,4.1,70.1,77.8,1.21,735,3.65,11.6,31.5,110,82,24.1
52,Rank_562_117.7,117.17,52_117.17,4,4.1,70.1,77.8,1.21,735,3.65,11.6,31.5,110,82,24.1
53,Rank_562_117.7,117.17,53_117.17,3,4.1,70.1,77.8,1.21,735,3.65,11.6,31.5,110,82,24.1
54,Rank_562_117.7,117.17,54_117.17,4,4.1,70.1,77.8,1.21,735,3.65,11.6,31.5,110,82,24.1
55,Rank_562_117.7,117.17,55_117.17,1,4.1,70.1,77.8,1.21,735,3.65,11.6,31.5,110,82,24.1
56,Rank_562_117.7,117.17,56_117.17,4,4.1,70.1,77.8,1.21,735,3.65,11.6,31.5,110,82,24.1
57,Rank_562_117.7,117.17,57_117.17,1,4.1,70.1,77.8,1.21,735,3.65,11.6,31.5,110,82,24.1
58,Rank_562_117.7,117.17,58_117.17,3,4.1,70.1,77.8,1.21,735,3.65,11.6,31.5,110,82,24.1
59,Rank_562_117.7,117.17,59_117.17,2,4.1,70.1,77.8,1.21,735,3.65,11.6,31.5,110,82,24.1
60,Rank_562_117.7,117.17,60_117.17,3,4.1,70.1,77.8,1.21,735,3.65,11.6,31.5,110,82,24.1
61,Rank_562_117.7,117.17,61_117.17,3,4.1,70.1,77.8,1.21,735,3.65,11.6,31.5,110,82,24.1
62,Rank_562_117.7,117.17,62_117.17,2,4.1,70.1,77.8,1.21,735,3.65,11.6,31.5,110,82,24.1
63,Rank_562_117.7,117.17,63_117.17,2,4.1,70.1,77.8,1.21,735,3.65,11.6,31.5,110,82,24.1
65,Rank_562_117.7,117.17,65_117.17,1,4.1,70.1,77.8,1.21,735,3.65,11.6,31.5,110,82,24.1
66,Rank_562_117.7,117.17,66_117.17,2,4.1,70.1,77.8,1.21,735,3.65,11.6,31.5,110,82,24.1
67,Rank_562_117.7,117.17,67_117.17,2,4.1,70.1,77.8,1.21,735,3.65,11.6,31.5,110,82,24.1
70,Rank_562_117.7,117.17,70_117.17,2,4.1,70.1,77.8,1.21,735,3.65,11.6,31.5,110,82,24.1
71,Rank_562_117.7,117.17,71_117.17,4,4.1,70.1,77.8,1.21,735,3.65,11.6,31.5,110,82,24.1
72,Rank_562_117.7,117.17,72_117.17,2,4.1,70.1,77.8,1.21,735,3.65,11.6,31.5,110,82,24.1
73,Rank_562_117.7,117.17,73_117.17,2,4.1,70.1,77.8,1.21,735,3.65,11.6,31.5,110,82,24.1
74,Rank_562_117.7,117.17,74_117.17,2,4.1,70.1,77.8,1.21,735,3.65,11.6,31.5,110,82,24.1
75,Rank_562_117.7,117.17,75_117.17,3,4.1,70.1,77.8,1.21,735,3.65,11.6,31.5,110,82,24.1
76,Rank_562_117.7,117.17,76_117.17,2,4.1,70.1,77.8,1.21,735,3.65,11.6,31.5,110,82,24.1
77,Rank_562_117.7,117.17,77_117.17,2,4.1,70.1,77.8,1.21,735,3.65,11.6,31.5,110,82,24.1
83,Rank_562_117.7,117.17,83_117.17,3,4.1,70.1,77.8,1.21,735,3.65,11.6,31.5,110,82,24.1
84,Rank_562_117.7,117.17,84_117.17,3,4.1,70.1,77.8,1.21,735,3.65,11.6,31.5,110,82,24.1
87,Rank_562_117.7,117.17,87_117.17,4,4.1,70.1,77.8,1.21,735,3.65,11.6,31.5,110,82,24.1
89,Rank_562_117.7,117.17,89_117.17,4,4.1,70.1,77.8,1.21,735,3.65,11.6,31.5,110,82,24.1
90,Rank_562_117.7,117.17,90_117.17,4,4.1,70.1,77.8,1.21,735,3.65,11.6,31.5,110,82,24.1
93,Rank_562_117.7,117.17,93_117.17,2,4.1,70.1,77.8,1.21,735,3.65,11.6,31.5,110,82,24.1
94,Rank_562_117.7,117.17,94_117.17,4,4.1,70.1,77.8,1.21,735,3.65,11.6,31.5,110,82,24.1
95,Rank_562_117.7,117.17,95_117.17,4,4.1,70.1,77.8,1.21,735,3.65,11.6,31.5,110,82,24.1
96,Rank_562_117.7,117.17,96_117.17,3,4.1,70.1,77.8,1.21,735,3.65,11.6,31.5,110,82,24.1
97,Rank_562_117.7,117.17,97_117.17,4,4.1,70.1,77.8,1.21,735,3.65,11.6,31.5,110,82,24.1
98,Rank_562_117.7,117.17,98_117.17,1,4.1,70.1,77.8,1.21,735,3.65,11.6,31.5,110,82,24.1
99,Rank_562_117.7,117.17,99_117.17,3,4.1,70.1,77.8,1.21,735,3.65,11.6,31.5,110,82,24.1
100,Rank_562_117.7,117.17,100_117.17,4,4.1,70.1,77.8,1.21,735,3.65,11.6,31.5,110,82,24.1
101,Rank_562_117.7,117.17,101_117.17,2,4.1,70.1,77.8,1.21,735,3.65,11.6,31.5,110,82,24.1
102,Rank_562_117.7,117.17,102_117.17,4,4.1,70.1,77.8,1.21,735,3.65,11.6,31.5,110,82,24.1
103,Rank_562_117.7,117.17,103_117.17,1,4.1,70.1,77.8,1.21,735,3.65,11.6,31.5,110,82,24.1
104,Rank_562_117.7,117.17,104_117.17,4,4.1,70.1,77.8,1.21,735,3.65,11.6,31.5,110,82,24.1
105,Rank_562_117.7,117.17,105_117.17,4,4.1,70.1,77.8,1.21,735,3.65,11.6,31.5,110,82,24.1
106,Rank_562_117.7,117.17,106_117.17,4,4.1,70.1,77.8,1.21,735,3.65,11.6,31.5,110,82,24.1
107,Rank_562_117.7,117.17,107_117.17,3,4.1,70.1,77.8,1.21,735,3.65,11.6,31.5,110,82,24.1
108,Rank_562_117.7,117.17,108_117.17,2,4.1,70.1,77.8,1.21,735,3.65,11.6,31.5,110,82,24.1
109,Rank_562_117.7,117.17,109_117.17,4,4.1,70.1,77.8,1.21,735,3.65,11.6,31.5,110,82,24.1
110,Rank_562_117.7,117.17,110_117.17,4,4.1,70.1,77.8,1.21,735,3.65,11.6,31.5,110,82,24.1
111,Rank_562_117.7,117.17,111_117.17,4,4.1,70.1,77.8,1.21,735,3.65,11.6,31.5,110,82,24.1
112,Rank_562_117.7,117.17,112_117.17,1,4.1,70.1,77.8,1.21,735,3.65,11.6,31.5,110,82,24.1
114,Rank_562_117.7,117.17,114_117.17,2,4.1,70.1,77.8,1.21,735,3.65,11.6,31.5,110,82,24.1
115,Rank_562_117.7,117.17,115_117.17,4,4.1,70.1,77.8,1.21,735,3.65,11.6,31.5,110,82,24.1
116,Rank_562_117.7,117.17,116_117.17,4,4.1,70.1,77.8,1.21,735,3.65,11.6,31.5,110,82,24.1
117,Rank_562_117.7,117.17,117_117.17,4,4.1,70.1,77.8,1.21,735,3.65,11.6,31.5,110,82,24.1
118,Rank_562_117.7,117.17,118_117.17,4,4.1,70.1,77.8,1.21,735,3.65,11.6,31.5,110,82,24.1
119,Rank_562_117.7,117.17,119_117.17,4,4.1,70.1,77.8,1.21,735,3.65,11.6,31.5,110,82,24.1
120,Rank_562_117.7,117.17,120_117.17,1,4.1,70.1,77.8,1.21,735,3.65,11.6,31.5,110,82,24.1
121,Rank_562_117.7,117.17,121_117.17,4,4.1,70.1,77.8,1.21,735,3.65,11.6,31.5,110,82,24.1
122,Rank_562_117.7,117.17,122_117.17,1,4.1,70.1,77.8,1.21,735,3.65,11.6,31.5,110,82,24.1
123,Rank_562_117.7,117.17,123_117.17,4,4.1,70.1,77.8,1.21,735,3.65,11.6,31.5,110,82,24.1
124,Rank_562_117.7,117.17,124_117.17,1,4.1,70.1,77.8,1.21,735,3.65,11.6,31.5,110,82,24.1
125,Rank_562_117.7,117.17,125_117.17,2,4.1,70.1,77.8,1.21,735,3.65,11.6,31.5,110,82,24.1
126,Rank_562_117.7,117.17,126_117.17,1,4.1,70.1,77.8,1.21,735,3.65,11.6,31.5,110,82,24.1
127,Rank_562_117.7,117.17,127_117.17,4,4.1,70.1,77.8,1.21,735,3.65,11.6,31.5,110,82,24.1
128,Rank_562_117.7,117.17,128_117.17,2,4.1,70.1,77.8,1.21,735,3.65,11.6,31.5,110,82,24.1
129,Rank_562_117.7,117.17,129_117.17,4,4.1,70.1,77.8,1.21,735,3.65,11.6,31.5,110,82,24.1
130,Rank_562_117.7,117.17,130_117.17,4,4.1,70.1,77.8,1.21,735,3.65,11.6,31.5,110,82,24.1
131,Rank_562_117.7,117.17,131_117.17,4,4.1,70.1,77.8,1.21,735,3.65,11.6,31.5,110,82,24.1
133,Rank_562_117.7,117.17,133_117.17,2,4.1,70.1,77.8,1.21,735,3.65,11.6,31.5,110,82,24.1
134,Rank_562_117.7,117.17,134_117.17,3,4.1,70.1,77.8,1.21,735,3.65,11.6,31.5,110,82,24.1
135,Rank_562_117.7,117.17,135_117.17,2,4.1,70.1,77.8,1.21,735,3.65,11.6,31.5,110,82,24.1
136,Rank_562_117.7,117.17,136_117.17,3,4.1,70.1,77.8,1.21,735,3.65,11.6,31.5,110,82,24.1
137,Rank_562_117.7,117.17,137_117.17,1,4.1,70.1,77.8,1.21,735,3.65,11.6,31.5,110,82,24.1
138,Rank_562_117.7,117.17,138_117.17,2,4.1,70.1,77.8,1.21,735,3.65,11.6,31.5,110,82,24.1
139,Rank_562_117.7,117.17,139_117.17,1,4.1,70.1,77.8,1.21,735,3.65,11.6,31.5,110,82,24.1
140,Rank_562_117.7,117.17,140_117.17,3,4.1,70.1,77.8,1.21,735,3.65,11.6,31.5,110,82,24.1
141,Rank_562_117.7,117.17,141_117.17,3,4.1,70.1,77.8,1.21,735,3.65,11.6,31.5,110,82,24.1
142,Rank_562_117.7,117.17,142_117.17,3,4.1,70.1,77.8,1.21,735,3.65,11.6,31.5,110,82,24.1
143,Rank_562_117.7,117.17,143_117.17,4,4.1,70.1,77.8,1.21,735,3.65,11.6,31.5,110,82,24.1
144,Rank_562_117.7,117.17,144_117.17,4,4.1,70.1,77.8,1.21,735,3.65,11.6,31.5,110,82,24.1
145,Rank_562_117.7,117.17,145_117.17,2,4.1,70.1,77.8,1.21,735,3.65,11.6,31.5,110,82,24.1
146,Rank_562_117.7,117.17,146_117.17,1,4.1,70.1,77.8,1.21,735,3.65,11.6,31.5,110,82,24.1
147,Rank_562_117.7,117.17,147_117.17,4,4.1,70.1,77.8,1.21,735,3.65,11.6,31.5,110,82,24.1
148,Rank_562_117.7,117.17,148_117.17,1,4.1,70.1,77.8,1.21,735,3.65,11.6,31.5,110,82,24.1
158,Rank_562_117.7,117.17,158_117.17,4,4.1,70.1,77.8,1.21,735,3.65,11.6,31.5,110,82,24.1
159,Rank_562_117.7,117.17,159_117.17,2,4.1,70.1,77.8,1.21,735,3.65,11.6,31.5,110,82,24.1
160,Rank_562_117.7,117.17,160_117.17,4,4.1,70.1,77.8,1.21,735,3.65,11.6,31.5,110,82,24.1
1,Rank_728_120.14,120.14,1_120.14,3,4.1,81.6,78.7,1.78,229,4.81,12.6,38.2,171,111,52.5
3,Rank_728_120.14,120.14,3_120.14,2,4.1,81.6,78.7,1.78,229,4.81,12.6,38.2,171,111,52.5
4,Rank_728_120.14,120.14,4_120.14,4,4.1,81.6,78.7,1.78,229,4.81,12.6,38.2,171,111,52.5
5,Rank_728_120.14,120.14,5_120.14,1,4.1,81.6,78.7,1.78,229,4.81,12.6,38.2,171,111,52.5
6,Rank_728_120.14,120.14,6_120.14,1,4.1,81.6,78.7,1.78,229,4.81,12.6,38.2,171,111,52.5
7,Rank_728_120.14,120.14,7_120.14,2,4.1,81.6,78.7,1.78,229,4.81,12.6,38.2,171,111,52.5
8,Rank_728_120.14,120.14,8_120.14,3,4.1,81.6,78.7,1.78,229,4.81,12.6,38.2,171,111,52.5
9,Rank_728_120.14,120.14,9_120.14,3,4.1,81.6,78.7,1.78,229,4.81,12.6,38.2,171,111,52.5
10,Rank_728_120.14,120.14,10_120.14,2,4.1,81.6,78.7,1.78,229,4.81,12.6,38.2,171,111,52.5
11,Rank_728_120.14,120.14,11_120.14,3,4.1,81.6,78.7,1.78,229,4.81,12.6,38.2,171,111,52.5
12,Rank_728_120.14,120.14,12_120.14,4,4.1,81.6,78.7,1.78,229,4.81,12.6,38.2,171,111,52.5
13,Rank_728_120.14,120.14,13_120.14,4,4.1,81.6,78.7,1.78,229,4.81,12.6,38.2,171,111,52.5
14,Rank_728_120.14,120.14,14_120.14,1,4.1,81.6,78.7,1.78,229,4.81,12.6,38.2,171,111,52.5
15,Rank_728_120.14,120.14,15_120.14,2,4.1,81.6,78.7,1.78,229,4.81,12.6,38.2,171,111,52.5
16,Rank_728_120.14,120.14,16_120.14,2,4.1,81.6,78.7,1.78,229,4.81,12.6,38.2,171,111,52.5
17,Rank_728_120.14,120.14,17_120.14,2,4.1,81.6,78.7,1.78,229,4.81,12.6,38.2,171,111,52.5
18,Rank_728_120.14,120.14,18_120.14,4,4.1,81.6,78.7,1.78,229,4.81,12.6,38.2,171,111,52.5
19,Rank_728_120.14,120.14,19_120.14,3,4.1,81.6,78.7,1.78,229,4.81,12.6,38.2,171,111,52.5
20,Rank_728_120.14,120.14,20_120.14,2,4.1,81.6,78.7,1.78,229,4.81,12.6,38.2,171,111,52.5
21,Rank_728_120.14,120.14,21_120.14,1,4.1,81.6,78.7,1.78,229,4.81,12.6,38.2,171,111,52.5
22,Rank_728_120.14,120.14,22_120.14,3,4.1,81.6,78.7,1.78,229,4.81,12.6,38.2,171,111,52.5
23,Rank_728_120.14,120.14,23_120.14,3,4.1,81.6,78.7,1.78,229,4.81,12.6,38.2,171,111,52.5
24,Rank_728_120.14,120.14,24_120.14,4,4.1,81.6,78.7,1.78,229,4.81,12.6,38.2,171,111,52.5
25,Rank_728_120.14,120.14,25_120.14,3,4.1,81.6,78.7,1.78,229,4.81,12.6,38.2,171,111,52.5
26,Rank_728_120.14,120.14,26_120.14,1,4.1,81.6,78.7,1.78,229,4.81,12.6,38.2,171,111,52.5
27,Rank_728_120.14,120.14,27_120.14,2,4.1,81.6,78.7,1.78,229,4.81,12.6,38.2,171,111,52.5
28,Rank_728_120.14,120.14,28_120.14,2,4.1,81.6,78.7,1.78,229,4.81,12.6,38.2,171,111,52.5
29,Rank_728_120.14,120.14,29_120.14,2,4.1,81.6,78.7,1.78,229,4.81,12.6,38.2,171,111,52.5
30,Rank_728_120.14,120.14,30_120.14,2,4.1,81.6,78.7,1.78,229,4.81,12.6,38.2,171,111,52.5
31,Rank_728_120.14,120.14,31_120.14,1,4.1,81.6,78.7,1.78,229,4.81,12.6,38.2,171,111,52.5
32,Rank_728_120.14,120.14,32_120.14,4,4.1,81.6,78.7,1.78,229,4.81,12.6,38.2,171,111,52.5
33,Rank_728_120.14,120.14,33_120.14,2,4.1,81.6,78.7,1.78,229,4.81,12.6,38.2,171,111,52.5
34,Rank_728_120.14,120.14,34_120.14,2,4.1,81.6,78.7,1.78,229,4.81,12.6,38.2,171,111,52.5
35,Rank_728_120.14,120.14,35_120.14,4,4.1,81.6,78.7,1.78,229,4.81,12.6,38.2,171,111,52.5
36,Rank_728_120.14,120.14,36_120.14,1,4.1,81.6,78.7,1.78,229,4.81,12.6,38.2,171,111,52.5
37,Rank_728_120.14,120.14,37_120.14,3,4.1,81.6,78.7,1.78,229,4.81,12.6,38.2,171,111,52.5
38,Rank_728_120.14,120.14,38_120.14,2,4.1,81.6,78.7,1.78,229,4.81,12.6,38.2,171,111,52.5
39,Rank_728_120.14,120.14,39_120.14,3,4.1,81.6,78.7,1.78,229,4.81,12.6,38.2,171,111,52.5
40,Rank_728_120.14,120.14,40_120.14,1,4.1,81.6,78.7,1.78,229,4.81,12.6,38.2,171,111,52.5
41,Rank_728_120.14,120.14,41_120.14,3,4.1,81.6,78.7,1.78,229,4.81,12.6,38.2,171,111,52.5
42,Rank_728_120.14,120.14,42_120.14,2,4.1,81.6,78.7,1.78,229,4.81,12.6,38.2,171,111,52.5
43,Rank_728_120.14,120.14,43_120.14,3,4.1,81.6,78.7,1.78,229,4.81,12.6,38.2,171,111,52.5
44,Rank_728_120.14,120.14,44_120.14,2,4.1,81.6,78.7,1.78,229,4.81,12.6,38.2,171,111,52.5
45,Rank_728_120.14,120.14,45_120.14,1,4.1,81.6,78.7,1.78,229,4.81,12.6,38.2,171,111,52.5
46,Rank_728_120.14,120.14,46_120.14,1,4.1,81.6,78.7,1.78,229,4.81,12.6,38.2,171,111,52.5
47,Rank_728_120.14,120.14,47_120.14,2,4.1,81.6,78.7,1.78,229,4.81,12.6,38.2,171,111,52.5
48,Rank_728_120.14,120.14,48_120.14,3,4.1,81.6,78.7,1.78,229,4.81,12.6,38.2,171,111,52.5
49,Rank_728_120.14,120.14,49_120.14,1,4.1,81.6,78.7,1.78,229,4.81,12.6,38.2,171,111,52.5
50,Rank_728_120.14,120.14,50_120.14,1,4.1,81.6,78.7,1.78,229,4.81,12.6,38.2,171,111,52.5
51,Rank_728_120.14,120.14,51_120.14,1,4.1,81.6,78.7,1.78,229,4.81,12.6,38.2,171,111,52.5
52,Rank_728_120.14,120.14,52_120.14,1,4.1,81.6,78.7,1.78,229,4.81,12.6,38.2,171,111,52.5
53,Rank_728_120.14,120.14,53_120.14,1,4.1,81.6,78.7,1.78,229,4.81,12.6,38.2,171,111,52.5
54,Rank_728_120.14,120.14,54_120.14,1,4.1,81.6,78.7,1.78,229,4.81,12.6,38.2,171,111,52.5
55,Rank_728_120.14,120.14,55_120.14,3,4.1,81.6,78.7,1.78,229,4.81,12.6,38.2,171,111,52.5
56,Rank_728_120.14,120.14,56_120.14,1,4.1,81.6,78.7,1.78,229,4.81,12.6,38.2,171,111,52.5
57,Rank_728_120.14,120.14,57_120.14,4,4.1,81.6,78.7,1.78,229,4.81,12.6,38.2,171,111,52.5
58,Rank_728_120.14,120.14,58_120.14,4,4.1,81.6,78.7,1.78,229,4.81,12.6,38.2,171,111,52.5
59,Rank_728_120.14,120.14,59_120.14,3,4.1,81.6,78.7,1.78,229,4.81,12.6,38.2,171,111,52.5
60,Rank_728_120.14,120.14,60_120.14,4,4.1,81.6,78.7,1.78,229,4.81,12.6,38.2,171,111,52.5
61,Rank_728_120.14,120.14,61_120.14,4,4.1,81.6,78.7,1.78,229,4.81,12.6,38.2,171,111,52.5
62,Rank_728_120.14,120.14,62_120.14,3,4.1,81.6,78.7,1.78,229,4.81,12.6,38.2,171,111,52.5
63,Rank_728_120.14,120.14,63_120.14,1,4.1,81.6,78.7,1.78,229,4.81,12.6,38.2,171,111,52.5
65,Rank_728_120.14,120.14,65_120.14,3,4.1,81.6,78.7,1.78,229,4.81,12.6,38.2,171,111,52.5
66,Rank_728_120.14,120.14,66_120.14,1,4.1,81.6,78.7,1.78,229,4.81,12.6,38.2,171,111,52.5
67,Rank_728_120.14,120.14,67_120.14,4,4.1,81.6,78.7,1.78,229,4.81,12.6,38.2,171,111,52.5
70,Rank_728_120.14,120.14,70_120.14,1,4.1,81.6,78.7,1.78,229,4.81,12.6,38.2,171,111,52.5
71,Rank_728_120.14,120.14,71_120.14,3,4.1,81.6,78.7,1.78,229,4.81,12.6,38.2,171,111,52.5
72,Rank_728_120.14,120.14,72_120.14,4,4.1,81.6,78.7,1.78,229,4.81,12.6,38.2,171,111,52.5
73,Rank_728_120.14,120.14,73_120.14,4,4.1,81.6,78.7,1.78,229,4.81,12.6,38.2,171,111,52.5
74,Rank_728_120.14,120.14,74_120.14,3,4.1,81.6,78.7,1.78,229,4.81,12.6,38.2,171,111,52.5
75,Rank_728_120.14,120.14,75_120.14,4,4.1,81.6,78.7,1.78,229,4.81,12.6,38.2,171,111,52.5
76,Rank_728_120.14,120.14,76_120.14,4,4.1,81.6,78.7,1.78,229,4.81,12.6,38.2,171,111,52.5
77,Rank_728_120.14,120.14,77_120.14,4,4.1,81.6,78.7,1.78,229,4.81,12.6,38.2,171,111,52.5
83,Rank_728_120.14,120.14,83_120.14,2,4.1,81.6,78.7,1.78,229,4.81,12.6,38.2,171,111,52.5
84,Rank_728_120.14,120.14,84_120.14,4,4.1,81.6,78.7,1.78,229,4.81,12.6,38.2,171,111,52.5
87,Rank_728_120.14,120.14,87_120.14,1,4.1,81.6,78.7,1.78,229,4.81,12.6,38.2,171,111,52.5
89,Rank_728_120.14,120.14,89_120.14,3,4.1,81.6,78.7,1.78,229,4.81,12.6,38.2,171,111,52.5
90,Rank_728_120.14,120.14,90_120.14,1,4.1,81.6,78.7,1.78,229,4.81,12.6,38.2,171,111,52.5
93,Rank_728_120.14,120.14,93_120.14,3,4.1,81.6,78.7,1.78,229,4.81,12.6,38.2,171,111,52.5
94,Rank_728_120.14,120.14,94_120.14,2,4.1,81.6,78.7,1.78,229,4.81,12.6,38.2,171,111,52.5
95,Rank_728_120.14,120.14,95_120.14,3,4.1,81.6,78.7,1.78,229,4.81,12.6,38.2,171,111,52.5
96,Rank_728_120.14,120.14,96_120.14,4,4.1,81.6,78.7,1.78,229,4.81,12.6,38.2,171,111,52.5
97,Rank_728_120.14,120.14,97_120.14,3,4.1,81.6,78.7,1.78,229,4.81,12.6,38.2,171,111,52.5
98,Rank_728_120.14,120.14,98_120.14,4,4.1,81.6,78.7,1.78,229,4.81,12.6,38.2,171,111,52.5
99,Rank_728_120.14,120.14,99_120.14,1,4.1,81.6,78.7,1.78,229,4.81,12.6,38.2,171,111,52.5
100,Rank_728_120.14,120.14,100_120.14,3,4.1,81.6,78.7,1.78,229,4.81,12.6,38.2,171,111,52.5
101,Rank_728_120.14,120.14,101_120.14,1,4.1,81.6,78.7,1.78,229,4.81,12.6,38.2,171,111,52.5
102,Rank_728_120.14,120.14,102_120.14,3,4.1,81.6,78.7,1.78,229,4.81,12.6,38.2,171,111,52.5
103,Rank_728_120.14,120.14,103_120.14,2,4.1,81.6,78.7,1.78,229,4.81,12.6,38.2,171,111,52.5
104,Rank_728_120.14,120.14,104_120.14,3,4.1,81.6,78.7,1.78,229,4.81,12.6,38.2,171,111,52.5
105,Rank_728_120.14,120.14,105_120.14,1,4.1,81.6,78.7,1.78,229,4.81,12.6,38.2,171,111,52.5
106,Rank_728_120.14,120.14,106_120.14,2,4.1,81.6,78.7,1.78,229,4.81,12.6,38.2,171,111,52.5
107,Rank_728_120.14,120.14,107_120.14,2,4.1,81.6,78.7,1.78,229,4.81,12.6,38.2,171,111,52.5
108,Rank_728_120.14,120.14,108_120.14,3,4.1,81.6,78.7,1.78,229,4.81,12.6,38.2,171,111,52.5
109,Rank_728_120.14,120.14,109_120.14,1,4.1,81.6,78.7,1.78,229,4.81,12.6,38.2,171,111,52.5
110,Rank_728_120.14,120.14,110_120.14,2,4.1,81.6,78.7,1.78,229,4.81,12.6,38.2,171,111,52.5
111,Rank_728_120.14,120.14,111_120.14,2,4.1,81.6,78.7,1.78,229,4.81,12.6,38.2,171,111,52.5
112,Rank_728_120.14,120.14,112_120.14,3,4.1,81.6,78.7,1.78,229,4.81,12.6,38.2,171,111,52.5
114,Rank_728_120.14,120.14,114_120.14,4,4.1,81.6,78.7,1.78,229,4.81,12.6,38.2,171,111,52.5
115,Rank_728_120.14,120.14,115_120.14,3,4.1,81.6,78.7,1.78,229,4.81,12.6,38.2,171,111,52.5
116,Rank_728_120.14,120.14,116_120.14,3,4.1,81.6,78.7,1.78,229,4.81,12.6,38.2,171,111,52.5
117,Rank_728_120.14,120.14,117_120.14,2,4.1,81.6,78.7,1.78,229,4.81,12.6,38.2,171,111,52.5
118,Rank_728_120.14,120.14,118_120.14,1,4.1,81.6,78.7,1.78,229,4.81,12.6,38.2,171,111,52.5
119,Rank_728_120.14,120.14,119_120.14,3,4.1,81.6,78.7,1.78,229,4.81,12.6,38.2,171,111,52.5
120,Rank_728_120.14,120.14,120_120.14,2,4.1,81.6,78.7,1.78,229,4.81,12.6,38.2,171,111,52.5
121,Rank_728_120.14,120.14,121_120.14,2,4.1,81.6,78.7,1.78,229,4.81,12.6,38.2,171,111,52.5
122,Rank_728_120.14,120.14,122_120.14,2,4.1,81.6,78.7,1.78,229,4.81,12.6,38.2,171,111,52.5
123,Rank_728_120.14,120.14,123_120.14,2,4.1,81.6,78.7,1.78,229,4.81,12.6,38.2,171,111,52.5
124,Rank_728_120.14,120.14,124_120.14,4,4.1,81.6,78.7,1.78,229,4.81,12.6,38.2,171,111,52.5
125,Rank_728_120.14,120.14,125_120.14,1,4.1,81.6,78.7,1.78,229,4.81,12.6,38.2,171,111,52.5
126,Rank_728_120.14,120.14,126_120.14,3,4.1,81.6,78.7,1.78,229,4.81,12.6,38.2,171,111,52.5
127,Rank_728_120.14,120.14,127_120.14,3,4.1,81.6,78.7,1.78,229,4.81,12.6,38.2,171,111,52.5
128,Rank_728_120.14,120.14,128_120.14,4,4.1,81.6,78.7,1.78,229,4.81,12.6,38.2,171,111,52.5
129,Rank_728_120.14,120.14,129_120.14,3,4.1,81.6,78.7,1.78,229,4.81,12.6,38.2,171,111,52.5
130,Rank_728_120.14,120.14,130_120.14,1,4.1,81.6,78.7,1.78,229,4.81,12.6,38.2,171,111,52.5
131,Rank_728_120.14,120.14,131_120.14,2,4.1,81.6,78.7,1.78,229,4.81,12.6,38.2,171,111,52.5
133,Rank_728_120.14,120.14,133_120.14,3,4.1,81.6,78.7,1.78,229,4.81,12.6,38.2,171,111,52.5
134,Rank_728_120.14,120.14,134_120.14,1,4.1,81.6,78.7,1.78,229,4.81,12.6,38.2,171,111,52.5
135,Rank_728_120.14,120.14,135_120.14,1,4.1,81.6,78.7,1.78,229,4.81,12.6,38.2,171,111,52.5
136,Rank_728_120.14,120.14,136_120.14,4,4.1,81.6,78.7,1.78,229,4.81,12.6,38.2,171,111,52.5
137,Rank_728_120.14,120.14,137_120.14,4,4.1,81.6,78.7,1.78,229,4.81,12.6,38.2,171,111,52.5
138,Rank_728_120.14,120.14,138_120.14,1,4.1,81.6,78.7,1.78,229,4.81,12.6,38.2,171,111,52.5
139,Rank_728_120.14,120.14,139_120.14,2,4.1,81.6,78.7,1.78,229,4.81,12.6,38.2,171,111,52.5
140,Rank_728_120.14,120.14,140_120.14,4,4.1,81.6,78.7,1.78,229,4.81,12.6,38.2,171,111,52.5
141,Rank_728_120.14,120.14,141_120.14,4,4.1,81.6,78.7,1.78,229,4.81,12.6,38.2,171,111,52.5
142,Rank_728_120.14,120.14,142_120.14,2,4.1,81.6,78.7,1.78,229,4.81,12.6,38.2,171,111,52.5
143,Rank_728_120.14,120.14,143_120.14,1,4.1,81.6,78.7,1.78,229,4.81,12.6,38.2,171,111,52.5
144,Rank_728_120.14,120.14,144_120.14,1,4.1,81.6,78.7,1.78,229,4.81,12.6,38.2,171,111,52.5
145,Rank_728_120.14,120.14,145_120.14,1,4.1,81.6,78.7,1.78,229,4.81,12.6,38.2,171,111,52.5
146,Rank_728_120.14,120.14,146_120.14,4,4.1,81.6,78.7,1.78,229,4.81,12.6,38.2,171,111,52.5
147,Rank_728_120.14,120.14,147_120.14,1,4.1,81.6,78.7,1.78,229,4.81,12.6,38.2,171,111,52.5
148,Rank_728_120.14,120.14,148_120.14,2,4.1,81.6,78.7,1.78,229,4.81,12.6,38.2,171,111,52.5
158,Rank_728_120.14,120.14,158_120.14,3,4.1,81.6,78.7,1.78,229,4.81,12.6,38.2,171,111,52.5
159,Rank_728_120.14,120.14,159_120.14,3,4.1,81.6,78.7,1.78,229,4.81,12.6,38.2,171,111,52.5
160,Rank_728_120.14,120.14,160_120.14,2,4.1,81.6,78.7,1.78,229,4.81,12.6,38.2,171,111,52.5
1,Rank_827_Copeland,Copeland,1_Copeland,1,3.8,77.8,80.1,1.78,382,4.88,11.3,43.2,171,104,43.4
3,Rank_827_Copeland,Copeland,3_Copeland,3,3.8,77.8,80.1,1.78,382,4.88,11.3,43.2,171,104,43.4
4,Rank_827_Copeland,Copeland,4_Copeland,3,3.8,77.8,80.1,1.78,382,4.88,11.3,43.2,171,104,43.4
5,Rank_827_Copeland,Copeland,5_Copeland,3,3.8,77.8,80.1,1.78,382,4.88,11.3,43.2,171,104,43.4
6,Rank_827_Copeland,Copeland,6_Copeland,2,3.8,77.8,80.1,1.78,382,4.88,11.3,43.2,171,104,43.4
7,Rank_827_Copeland,Copeland,7_Copeland,1,3.8,77.8,80.1,1.78,382,4.88,11.3,43.2,171,104,43.4
8,Rank_827_Copeland,Copeland,8_Copeland,1,3.8,77.8,80.1,1.78,382,4.88,11.3,43.2,171,104,43.4
9,Rank_827_Copeland,Copeland,9_Copeland,1,3.8,77.8,80.1,1.78,382,4.88,11.3,43.2,171,104,43.4
10,Rank_827_Copeland,Copeland,10_Copeland,1,3.8,77.8,80.1,1.78,382,4.88,11.3,43.2,171,104,43.4
11,Rank_827_Copeland,Copeland,11_Copeland,4,3.8,77.8,80.1,1.78,382,4.88,11.3,43.2,171,104,43.4
12,Rank_827_Copeland,Copeland,12_Copeland,3,3.8,77.8,80.1,1.78,382,4.88,11.3,43.2,171,104,43.4
13,Rank_827_Copeland,Copeland,13_Copeland,2,3.8,77.8,80.1,1.78,382,4.88,11.3,43.2,171,104,43.4
14,Rank_827_Copeland,Copeland,14_Copeland,3,3.8,77.8,80.1,1.78,382,4.88,11.3,43.2,171,104,43.4
15,Rank_827_Copeland,Copeland,15_Copeland,3,3.8,77.8,80.1,1.78,382,4.88,11.3,43.2,171,104,43.4
16,Rank_827_Copeland,Copeland,16_Copeland,4,3.8,77.8,80.1,1.78,382,4.88,11.3,43.2,171,104,43.4
17,Rank_827_Copeland,Copeland,17_Copeland,4,3.8,77.8,80.1,1.78,382,4.88,11.3,43.2,171,104,43.4
18,Rank_827_Copeland,Copeland,18_Copeland,3,3.8,77.8,80.1,1.78,382,4.88,11.3,43.2,171,104,43.4
19,Rank_827_Copeland,Copeland,19_Copeland,4,3.8,77.8,80.1,1.78,382,4.88,11.3,43.2,171,104,43.4
20,Rank_827_Copeland,Copeland,20_Copeland,3,3.8,77.8,80.1,1.78,382,4.88,11.3,43.2,171,104,43.4
21,Rank_827_Copeland,Copeland,21_Copeland,2,3.8,77.8,80.1,1.78,382,4.88,11.3,43.2,171,104,43.4
22,Rank_827_Copeland,Copeland,22_Copeland,1,3.8,77.8,80.1,1.78,382,4.88,11.3,43.2,171,104,43.4
23,Rank_827_Copeland,Copeland,23_Copeland,2,3.8,77.8,80.1,1.78,382,4.88,11.3,43.2,171,104,43.4
24,Rank_827_Copeland,Copeland,24_Copeland,3,3.8,77.8,80.1,1.78,382,4.88,11.3,43.2,171,104,43.4
25,Rank_827_Copeland,Copeland,25_Copeland,1,3.8,77.8,80.1,1.78,382,4.88,11.3,43.2,171,104,43.4
26,Rank_827_Copeland,Copeland,26_Copeland,3,3.8,77.8,80.1,1.78,382,4.88,11.3,43.2,171,104,43.4
27,Rank_827_Copeland,Copeland,27_Copeland,4,3.8,77.8,80.1,1.78,382,4.88,11.3,43.2,171,104,43.4
28,Rank_827_Copeland,Copeland,28_Copeland,1,3.8,77.8,80.1,1.78,382,4.88,11.3,43.2,171,104,43.4
29,Rank_827_Copeland,Copeland,29_Copeland,3,3.8,77.8,80.1,1.78,382,4.88,11.3,43.2,171,104,43.4
30,Rank_827_Copeland,Copeland,30_Copeland,4,3.8,77.8,80.1,1.78,382,4.88,11.3,43.2,171,104,43.4
31,Rank_827_Copeland,Copeland,31_Copeland,4,3.8,77.8,80.1,1.78,382,4.88,11.3,43.2,171,104,43.4
32,Rank_827_Copeland,Copeland,32_Copeland,3,3.8,77.8,80.1,1.78,382,4.88,11.3,43.2,171,104,43.4
33,Rank_827_Copeland,Copeland,33_Copeland,1,3.8,77.8,80.1,1.78,382,4.88,11.3,43.2,171,104,43.4
34,Rank_827_Copeland,Copeland,34_Copeland,3,3.8,77.8,80.1,1.78,382,4.88,11.3,43.2,171,104,43.4
35,Rank_827_Copeland,Copeland,35_Copeland,1,3.8,77.8,80.1,1.78,382,4.88,11.3,43.2,171,104,43.4
36,Rank_827_Copeland,Copeland,36_Copeland,2,3.8,77.8,80.1,1.78,382,4.88,11.3,43.2,171,104,43.4
37,Rank_827_Copeland,Copeland,37_Copeland,4,3.8,77.8,80.1,1.78,382,4.88,11.3,43.2,171,104,43.4
38,Rank_827_Copeland,Copeland,38_Copeland,1,3.8,77.8,80.1,1.78,382,4.88,11.3,43.2,171,104,43.4
39,Rank_827_Copeland,Copeland,39_Copeland,2,3.8,77.8,80.1,1.78,382,4.88,11.3,43.2,171,104,43.4
40,Rank_827_Copeland,Copeland,40_Copeland,4,3.8,77.8,80.1,1.78,382,4.88,11.3,43.2,171,104,43.4
41,Rank_827_Copeland,Copeland,41_Copeland,1,3.8,77.8,80.1,1.78,382,4.88,11.3,43.2,171,104,43.4
42,Rank_827_Copeland,Copeland,42_Copeland,1,3.8,77.8,80.1,1.78,382,4.88,11.3,43.2,171,104,43.4
43,Rank_827_Copeland,Copeland,43_Copeland,4,3.8,77.8,80.1,1.78,382,4.88,11.3,43.2,171,104,43.4
44,Rank_827_Copeland,Copeland,44_Copeland,1,3.8,77.8,80.1,1.78,382,4.88,11.3,43.2,171,104,43.4
45,Rank_827_Copeland,Copeland,45_Copeland,4,3.8,77.8,80.1,1.78,382,4.88,11.3,43.2,171,104,43.4
46,Rank_827_Copeland,Copeland,46_Copeland,3,3.8,77.8,80.1,1.78,382,4.88,11.3,43.2,171,104,43.4
47,Rank_827_Copeland,Copeland,47_Copeland,3,3.8,77.8,80.1,1.78,382,4.88,11.3,43.2,171,104,43.4
48,Rank_827_Copeland,Copeland,48_Copeland,2,3.8,77.8,80.1,1.78,382,4.88,11.3,43.2,171,104,43.4
49,Rank_827_Copeland,Copeland,49_Copeland,4,3.8,77.8,80.1,1.78,382,4.88,11.3,43.2,171,104,43.4
50,Rank_827_Copeland,Copeland,50_Copeland,4,3.8,77.8,80.1,1.78,382,4.88,11.3,43.2,171,104,43.4
51,Rank_827_Copeland,Copeland,51_Copeland,3,3.8,77.8,80.1,1.78,382,4.88,11.3,43.2,171,104,43.4
52,Rank_827_Copeland,Copeland,52_Copeland,2,3.8,77.8,80.1,1.78,382,4.88,11.3,43.2,171,104,43.4
53,Rank_827_Copeland,Copeland,53_Copeland,2,3.8,77.8,80.1,1.78,382,4.88,11.3,43.2,171,104,43.4
54,Rank_827_Copeland,Copeland,54_Copeland,2,3.8,77.8,80.1,1.78,382,4.88,11.3,43.2,171,104,43.4
55,Rank_827_Copeland,Copeland,55_Copeland,4,3.8,77.8,80.1,1.78,382,4.88,11.3,43.2,171,104,43.4
56,Rank_827_Copeland,Copeland,56_Copeland,3,3.8,77.8,80.1,1.78,382,4.88,11.3,43.2,171,104,43.4
57,Rank_827_Copeland,Copeland,57_Copeland,2,3.8,77.8,80.1,1.78,382,4.88,11.3,43.2,171,104,43.4
58,Rank_827_Copeland,Copeland,58_Copeland,1,3.8,77.8,80.1,1.78,382,4.88,11.3,43.2,171,104,43.4
59,Rank_827_Copeland,Copeland,59_Copeland,1,3.8,77.8,80.1,1.78,382,4.88,11.3,43.2,171,104,43.4
60,Rank_827_Copeland,Copeland,60_Copeland,1,3.8,77.8,80.1,1.78,382,4.88,11.3,43.2,171,104,43.4
61,Rank_827_Copeland,Copeland,61_Copeland,2,3.8,77.8,80.1,1.78,382,4.88,11.3,43.2,171,104,43.4
62,Rank_827_Copeland,Copeland,62_Copeland,1,3.8,77.8,80.1,1.78,382,4.88,11.3,43.2,171,104,43.4
63,Rank_827_Copeland,Copeland,63_Copeland,4,3.8,77.8,80.1,1.78,382,4.88,11.3,43.2,171,104,43.4
65,Rank_827_Copeland,Copeland,65_Copeland,4,3.8,77.8,80.1,1.78,382,4.88,11.3,43.2,171,104,43.4
66,Rank_827_Copeland,Copeland,66_Copeland,3,3.8,77.8,80.1,1.78,382,4.88,11.3,43.2,171,104,43.4
67,Rank_827_Copeland,Copeland,67_Copeland,3,3.8,77.8,80.1,1.78,382,4.88,11.3,43.2,171,104,43.4
70,Rank_827_Copeland,Copeland,70_Copeland,4,3.8,77.8,80.1,1.78,382,4.88,11.3,43.2,171,104,43.4
71,Rank_827_Copeland,Copeland,71_Copeland,1,3.8,77.8,80.1,1.78,382,4.88,11.3,43.2,171,104,43.4
72,Rank_827_Copeland,Copeland,72_Copeland,3,3.8,77.8,80.1,1.78,382,4.88,11.3,43.2,171,104,43.4
73,Rank_827_Copeland,Copeland,73_Copeland,1,3.8,77.8,80.1,1.78,382,4.88,11.3,43.2,171,104,43.4
74,Rank_827_Copeland,Copeland,74_Copeland,4,3.8,77.8,80.1,1.78,382,4.88,11.3,43.2,171,104,43.4
75,Rank_827_Copeland,Copeland,75_Copeland,1,3.8,77.8,80.1,1.78,382,4.88,11.3,43.2,171,104,43.4
76,Rank_827_Copeland,Copeland,76_Copeland,1,3.8,77.8,80.1,1.78,382,4.88,11.3,43.2,171,104,43.4
77,Rank_827_Copeland,Copeland,77_Copeland,3,3.8,77.8,80.1,1.78,382,4.88,11.3,43.2,171,104,43.4
83,Rank_827_Copeland,Copeland,83_Copeland,1,3.8,77.8,80.1,1.78,382,4.88,11.3,43.2,171,104,43.4
84,Rank_827_Copeland,Copeland,84_Copeland,2,3.8,77.8,80.1,1.78,382,4.88,11.3,43.2,171,104,43.4
87,Rank_827_Copeland,Copeland,87_Copeland,2,3.8,77.8,80.1,1.78,382,4.88,11.3,43.2,171,104,43.4
89,Rank_827_Copeland,Copeland,89_Copeland,1,3.8,77.8,80.1,1.78,382,4.88,11.3,43.2,171,104,43.4
90,Rank_827_Copeland,Copeland,90_Copeland,2,3.8,77.8,80.1,1.78,382,4.88,11.3,43.2,171,104,43.4
93,Rank_827_Copeland,Copeland,93_Copeland,4,3.8,77.8,80.1,1.78,382,4.88,11.3,43.2,171,104,43.4
94,Rank_827_Copeland,Copeland,94_Copeland,3,3.8,77.8,80.1,1.78,382,4.88,11.3,43.2,171,104,43.4
95,Rank_827_Copeland,Copeland,95_Copeland,1,3.8,77.8,80.1,1.78,382,4.88,11.3,43.2,171,104,43.4
96,Rank_827_Copeland,Copeland,96_Copeland,1,3.8,77.8,80.1,1.78,382,4.88,11.3,43.2,171,104,43.4
97,Rank_827_Copeland,Copeland,97_Copeland,1,3.8,77.8,80.1,1.78,382,4.88,11.3,43.2,171,104,43.4
98,Rank_827_Copeland,Copeland,98_Copeland,3,3.8,77.8,80.1,1.78,382,4.88,11.3,43.2,171,104,43.4
99,Rank_827_Copeland,Copeland,99_Copeland,4,3.8,77.8,80.1,1.78,382,4.88,11.3,43.2,171,104,43.4
100,Rank_827_Copeland,Copeland,100_Copeland,1,3.8,77.8,80.1,1.78,382,4.88,11.3,43.2,171,104,43.4
101,Rank_827_Copeland,Copeland,101_Copeland,4,3.8,77.8,80.1,1.78,382,4.88,11.3,43.2,171,104,43.4
102,Rank_827_Copeland,Copeland,102_Copeland,2,3.8,77.8,80.1,1.78,382,4.88,11.3,43.2,171,104,43.4
103,Rank_827_Copeland,Copeland,103_Copeland,4,3.8,77.8,80.1,1.78,382,4.88,11.3,43.2,171,104,43.4
104,Rank_827_Copeland,Copeland,104_Copeland,2,3.8,77.8,80.1,1.78,382,4.88,11.3,43.2,171,104,43.4
105,Rank_827_Copeland,Copeland,105_Copeland,2,3.8,77.8,80.1,1.78,382,4.88,11.3,43.2,171,104,43.4
106,Rank_827_Copeland,Copeland,106_Copeland,1,3.8,77.8,80.1,1.78,382,4.88,11.3,43.2,171,104,43.4
107,Rank_827_Copeland,Copeland,107_Copeland,1,3.8,77.8,80.1,1.78,382,4.88,11.3,43.2,171,104,43.4
108,Rank_827_Copeland,Copeland,108_Copeland,4,3.8,77.8,80.1,1.78,382,4.88,11.3,43.2,171,104,43.4
109,Rank_827_Copeland,Copeland,109_Copeland,2,3.8,77.8,80.1,1.78,382,4.88,11.3,43.2,171,104,43.4
110,Rank_827_Copeland,Copeland,110_Copeland,3,3.8,77.8,80.1,1.78,382,4.88,11.3,43.2,171,104,43.4
111,Rank_827_Copeland,Copeland,111_Copeland,3,3.8,77.8,80.1,1.78,382,4.88,11.3,43.2,171,104,43.4
112,Rank_827_Copeland,Copeland,112_Copeland,4,3.8,77.8,80.1,1.78,382,4.88,11.3,43.2,171,104,43.4
114,Rank_827_Copeland,Copeland,114_Copeland,3,3.8,77.8,80.1,1.78,382,4.88,11.3,43.2,171,104,43.4
115,Rank_827_Copeland,Copeland,115_Copeland,2,3.8,77.8,80.1,1.78,382,4.88,11.3,43.2,171,104,43.4
116,Rank_827_Copeland,Copeland,116_Copeland,2,3.8,77.8,80.1,1.78,382,4.88,11.3,43.2,171,104,43.4
117,Rank_827_Copeland,Copeland,117_Copeland,3,3.8,77.8,80.1,1.78,382,4.88,11.3,43.2,171,104,43.4
118,Rank_827_Copeland,Copeland,118_Copeland,2,3.8,77.8,80.1,1.78,382,4.88,11.3,43.2,171,104,43.4
119,Rank_827_Copeland,Copeland,119_Copeland,2,3.8,77.8,80.1,1.78,382,4.88,11.3,43.2,171,104,43.4
120,Rank_827_Copeland,Copeland,120_Copeland,3,3.8,77.8,80.1,1.78,382,4.88,11.3,43.2,171,104,43.4
121,Rank_827_Copeland,Copeland,121_Copeland,1,3.8,77.8,80.1,1.78,382,4.88,11.3,43.2,171,104,43.4
122,Rank_827_Copeland,Copeland,122_Copeland,4,3.8,77.8,80.1,1.78,382,4.88,11.3,43.2,171,104,43.4
123,Rank_827_Copeland,Copeland,123_Copeland,3,3.8,77.8,80.1,1.78,382,4.88,11.3,43.2,171,104,43.4
124,Rank_827_Copeland,Copeland,124_Copeland,2,3.8,77.8,80.1,1.78,382,4.88,11.3,43.2,171,104,43.4
125,Rank_827_Copeland,Copeland,125_Copeland,4,3.8,77.8,80.1,1.78,382,4.88,11.3,43.2,171,104,43.4
126,Rank_827_Copeland,Copeland,126_Copeland,4,3.8,77.8,80.1,1.78,382,4.88,11.3,43.2,171,104,43.4
127,Rank_827_Copeland,Copeland,127_Copeland,2,3.8,77.8,80.1,1.78,382,4.88,11.3,43.2,171,104,43.4
128,Rank_827_Copeland,Copeland,128_Copeland,3,3.8,77.8,80.1,1.78,382,4.88,11.3,43.2,171,104,43.4
129,Rank_827_Copeland,Copeland,129_Copeland,2,3.8,77.8,80.1,1.78,382,4.88,11.3,43.2,171,104,43.4
130,Rank_827_Copeland,Copeland,130_Copeland,2,3.8,77.8,80.1,1.78,382,4.88,11.3,43.2,171,104,43.4
131,Rank_827_Copeland,Copeland,131_Copeland,3,3.8,77.8,80.1,1.78,382,4.88,11.3,43.2,171,104,43.4
133,Rank_827_Copeland,Copeland,133_Copeland,4,3.8,77.8,80.1,1.78,382,4.88,11.3,43.2,171,104,43.4
134,Rank_827_Copeland,Copeland,134_Copeland,4,3.8,77.8,80.1,1.78,382,4.88,11.3,43.2,171,104,43.4
135,Rank_827_Copeland,Copeland,135_Copeland,4,3.8,77.8,80.1,1.78,382,4.88,11.3,43.2,171,104,43.4
136,Rank_827_Copeland,Copeland,136_Copeland,2,3.8,77.8,80.1,1.78,382,4.88,11.3,43.2,171,104,43.4
137,Rank_827_Copeland,Copeland,137_Copeland,3,3.8,77.8,80.1,1.78,382,4.88,11.3,43.2,171,104,43.4
138,Rank_827_Copeland,Copeland,138_Copeland,3,3.8,77.8,80.1,1.78,382,4.88,11.3,43.2,171,104,43.4
139,Rank_827_Copeland,Copeland,139_Copeland,3,3.8,77.8,80.1,1.78,382,4.88,11.3,43.2,171,104,43.4
140,Rank_827_Copeland,Copeland,140_Copeland,1,3.8,77.8,80.1,1.78,382,4.88,11.3,43.2,171,104,43.4
141,Rank_827_Copeland,Copeland,141_Copeland,1,3.8,77.8,80.1,1.78,382,4.88,11.3,43.2,171,104,43.4
142,Rank_827_Copeland,Copeland,142_Copeland,1,3.8,77.8,80.1,1.78,382,4.88,11.3,43.2,171,104,43.4
143,Rank_827_Copeland,Copeland,143_Copeland,3,3.8,77.8,80.1,1.78,382,4.88,11.3,43.2,171,104,43.4
144,Rank_827_Copeland,Copeland,144_Copeland,3,3.8,77.8,80.1,1.78,382,4.88,11.3,43.2,171,104,43.4
145,Rank_827_Copeland,Copeland,145_Copeland,3,3.8,77.8,80.1,1.78,382,4.88,11.3,43.2,171,104,43.4
146,Rank_827_Copeland,Copeland,146_Copeland,3,3.8,77.8,80.1,1.78,382,4.88,11.3,43.2,171,104,43.4
147,Rank_827_Copeland,Copeland,147_Copeland,3,3.8,77.8,80.1,1.78,382,4.88,11.3,43.2,171,104,43.4
148,Rank_827_Copeland,Copeland,148_Copeland,3,3.8,77.8,80.1,1.78,382,4.88,11.3,43.2,171,104,43.4
158,Rank_827_Copeland,Copeland,158_Copeland,2,3.8,77.8,80.1,1.78,382,4.88,11.3,43.2,171,104,43.4
159,Rank_827_Copeland,Copeland,159_Copeland,1,3.8,77.8,80.1,1.78,382,4.88,11.3,43.2,171,104,43.4
160,Rank_827_Copeland,Copeland,160_Copeland,3,3.8,77.8,80.1,1.78,382,4.88,11.3,43.2,171,104,43.4